"subject","version","age","sex","bonus","assignmentId","time_elapsed","reading_time","check1","check2","check3","belief1","belief2","belief3","stamp"
"A2541C8MY0BYV3","dez_1b_fix_v2","29","m","0.61","3BV8HQ2ZZW2YCNTAG1WRHJC09YQ6AQ","1278073","13647","3","1","0","3","0","1","2017-08-16 14:38:25"
"AEF74ZYJTTEIA","dez_1b_fix_v2","39","m","0","3Z7ISHFUH0WMH9K6L89OIQZ0OEMZ85","1270089","71240","0","1","2","0","0","1","2017-08-16 14:39:30"
"A2I5850G7EOPQ2","dez_1b_fix_v2","30","m","0.48","3TPZPLC3M0D628CUMIGQ0BPBYTO3PX","1351867","42084","0","1","2","2","0","0","2017-08-16 14:39:39"
"A36CZ0F88ELFWF","dez_1b_fix_v2","29","m","0.69","3D3VGR7TA0GRELS9ZAKF56PQZBC3RP","1371166","116260","0","1","2","2","0","0","2017-08-16 14:39:43"
"AGDJB8B8CDZ71","dez_1b_fix_v2","34","m","0.52","33CKWXB73JL7BDFDECRHBMSGXT411Z","1414109","139440","0","1","2","2","1","1","2017-08-16 14:39:53"
"A2QUXO9OJY69QM","dez_1b_fix_v2","31","m","1.3","37FMASSAYCSJOHT3OG5C9XMB076BIK","1367356","77310","0","1","2","4","0","0","2017-08-16 14:40:11"
"A2M45YGLOWMO4N","dez_1b_fix_v2","40","m","0.61","3OS4RQUCR9GZEQRDN8ZR609JKFEFBX","1347826","71500","0","1","2","3","0","0","2017-08-16 14:40:22"
"A2ACX43GBX15OC","dez_1b_fix_v2","51","f","1.24","3EO896NRAWWFFE7Q6KHXLS7XJTVJTU","1392051","122574","0","1","2","3","1","0","2017-08-16 14:40:41"
"AGON2ML5JT2OI","dez_1b_fix_v2","27","f","0.64","3E47SOBEYQX2YML92G17KHSTIS6CIS","1436779","111867","-1","1","2","1","0","0","2017-08-16 14:41:07"
"A4ZPIPBDO624H","dez_1b_fix_v2","39","m","0.38","3DI28L7YXAF6VE9PQ0MWI6BAM281EI","1381078","44199","0","1","0","2","0","0","2017-08-16 14:41:14"
"A2G7N0X0PNX0EE","dez_1b_fix_v2","31","m","0.56","3VP0C6EFSGXZEO2ZD4MWQA703FF6MA","1460546","103622","0","1","2","0","0","0","2017-08-16 14:41:16"
"A22ABLVEI5EGPL","dez_1b_fix_v2","28","m","1.14","3VELCLL3GKKY1S9LLB620OWAY3NF1E","1429654","117494","0","1","2","2","0","0","2017-08-16 14:41:43"
"A1QVNF19XSRSD7","dez_1b_fix_v2","33","m","0.66","3YZ8UPK3VTN77DG9WXQL3KG4CNTCU0","1378003","18310","0","1","1","1","1","1","2017-08-16 14:41:53"
"A321AGEY23DDEH","dez_1b_fix_v2","27","m","1.15","3KKG4CDWKIZ6SHFR57PCOQH27P294T","1309289","48474","1","0","2","2","0","0","2017-08-16 14:41:59"
"A2YCMT5BPA0AG9","dez_1b_fix_v2","55","m","0.63","37UEWGM5HT9V4IEUC66WHDAT1RY1RV","1462690","135464","0","1","2","1","0","1","2017-08-16 14:42:15"
"ATZBGGX4J7B1N","dez_1b_fix_v2","28","f","1","3UXUOQ9OKEYHGN7FZB1JNXCW49A7AQ","1441205","71168","0","1","2","3","0","0","2017-08-16 14:42:24"
"A1TLNLB9D87H6","dez_1b_fix_v2","33","f","0.92","3MMN5BL1WZ50H5FHU2OYJ7VGTOD3M1","1518196","149276","0","1","2","2","0","1","2017-08-16 14:42:43"
"A3BI0AX5T5GVO3","dez_1b_fix_v2","24","f","0.47","39LNWE0K4UXYKG29O7M7ENEZPSCUIJ","1342898","19883","1","1","2","2","1","1","2017-08-16 14:42:48"
" A17J1CE7N49Z9D","dez_1b_fix_v2","24","m","1.13","34T446B1C0FRRR4TYQC1EDSXWYPC0X","1315276","21956","0","1","2","3","0","0","2017-08-16 14:42:57"
"A2S3SV1LQTKJ8K","dez_1b_fix_v2","27","m","0.68","3Z7VU45IPYI4690LMN093GCSA8GZ1L","1404094","121873","0","1","2","2","0","0","2017-08-16 14:43:00"
"A23EWFNNOUS10B","dez_1b_fix_v2","31","m","1.12","3EJPLAJKEMHZDV1ISTCQYC39IJX6ZR","1542946","318076","0","1","2","3","0","0","2017-08-16 14:43:00"
"A1X3N2ATX5DAJP","dez_1b_fix_v2","41","m","1.01","3QXNC7EIPIWPTTXQM62ACNRPQDM90D","1566501","116451","-1","-1","-1","2","0","1","2017-08-16 14:43:01"
"A3BUWQ5C39GRQC","dez_1b_fix_v2","36","f","0.68","3VW6495TLJ11RP1J2Q5Z3WE0BZLYYR","1410844","131621","0","1","2","1","0","0","2017-08-16 14:43:11"
"A1ESVUGRG21JA6","dez_1b_fix_v2","29","m","0.41","30JNVC0OR9L6WSK81GKH4AGVMUSHQ9","1467295","176271","0","1","2","1","0","0","2017-08-16 14:43:48"
"A1LRJ2MQD4AMES","dez_1b_fix_v2","34","m","0.75","3X1FV8S5JXSK14LE39W9PX32OMUGV3","1648222","408077","0","1","2","2","0","0","2017-08-16 14:44:11"
"AR8AWAHW7PAZT","dez_1b_fix_v2","25","m","0.66","3YJ6NA41JBHHNMEJP38DGI60UQAJPP","1344118","76680","0","0","2","0","0","0","2017-08-16 14:44:18"
"ATF7HBD1TFI2U","dez_1b_fix_v2","36","f","0.72","39GXDJN2OTF58PFWKBKLXKM403H8VF","1631617","332341","0","1","2","2","0","0","2017-08-16 14:44:30"
"A1GXFMAC759VRM","dez_1b_fix_v2","39","m","0.86","37TRT2X24QSFJSD96YQCLY1BDMVBJW","1478140","179233","0","1","2","2","0","0","2017-08-16 14:44:52"
"A2A27TLFWKDXUW","dez_1b_fix_v2","46","m","0.86","3BF51CHDTVBI8ZF9KIQ2P4PD9QUH0B","1595734","140792","1","1","2","3","0","0","2017-08-16 14:44:55"
"AVIH7MSMSTZCW","dez_1b_fix_v2","46","m","0.65","3CP1TO84PT2DOGYSY3T7JVF21FN25Z","1633355","191029","0","1","2","3","0","0","2017-08-16 14:45:11"
"A1ZB2NY0F9QNP0","dez_1b_fix_v2","23","f","0.86","3ZV9H2YQQD8WMH9VY4ULS5X7RQR3WS","1489368","67484","0","1","2","2","0","0","2017-08-16 14:45:20"
"A21UA6O7ZFAIQJ","dez_1b_fix_v2","34","m","1.06","3HMVI3QICJT41JQGQ1YQP93Q4ED1YX","1570119","182357","0","1","2","3","0","0","2017-08-16 14:45:23"
"A1945USNZHTROX","dez_1b_fix_v2","37","m","0.62","3AUQQEL7U5UNQ0ATP77645GMH550VK","1664820","137348","3","1","2","2","0","0","2017-08-16 14:45:34"
"A2OTDMCV8CZWML","dez_1b_fix_v2","40","other","0.68","3GD6L00D3SY472127YAFVEGJV4Z1M7","1494197","94931","0","1","2","2","0","0","2017-08-16 14:45:35"
"A11S8IAAVDXCUS","dez_1b_fix_v2","27","f","0.97","3IXEICO792K3RJSJM1N8CO2SXNB6TB","1598913","111446","-1","1","2","2","0","0","2017-08-16 14:45:37"
"A1HWTTN3JEUNZY","dez_1b_fix_v2","33","f","0.93","3PJ71Z61R43P0II8IP6AQSAZV5S198","1720802","398179","0","1","2","2","0","0","2017-08-16 14:45:45"
"A2B8HPIZDKYKDR","dez_1b_fix_v2","44","m","0.95","369J354OFDBZME6D21O1D5N37T36G2","1468939","61525","2","1","2","2","0","0","2017-08-16 14:46:01"
"AJRY9ALX8069Y","dez_1b_fix_v2","34","f","1.19","3A1COHJ8NJW0QOKCFM3HIJVVSO6H8Y","1707313","270523","0","1","2","3","0","0","2017-08-16 14:46:09"
"A3TQD8CNO16IZK","dez_1b_fix_v2","35","f","1.03","3SEPORI8WN000XDLI6T2EH5VE2MZA9","1407772","86817","1","1","2","3","0","0","2017-08-16 14:46:17"
"AZIY6IFOS4CVC","dez_1b_fix_v2","29","m","0.1","3QFUFYSY9YGFTR648TP4YM3DANX4FG","1679001","162175","0","1","2","1","0","0","2017-08-16 14:46:19"
"AXPOBOA6RMCV0","dez_1b_fix_v2","27","f","0.48","3PZDLQMM0TMYN177DDGFX1LCTW9C2H","1397838","54444","2","0","2","1","0","0","2017-08-16 14:46:28"
"A4158R4Y06ZB4","dez_1b_fix_v2","26","m","0.64","31N2WW6R9RRUBVN08FKLOHB7WN1F36","1750669","291795","0","1","2","3","0","0","2017-08-16 14:46:40"
"A2KVYRNL2CK95F","dez_1b_fix_v2","32","m","1.2","36PW28KO4ZX2P2MPMJFPT74DQWEEAJ","1424610","128955","0","1","2","3","0","0","2017-08-16 14:46:41"
"A2MCG5W6LHSRG9","dez_1b_fix_v2","32","m","1.49","3JWH6J9I9SEB2I4ULWI4E5ISM60BN0","1557314","269997","0","1","2","3","0","0","2017-08-16 14:46:43"
"A74PT3GRDMEZ","dez_1b_fix_v2","24","m","0.81","3S3AMIZX3U6LQB5NA20WTKCGQNYCDQ","1413500","132430","0","1","2","2","0","0","2017-08-16 14:47:00"
"A1U9S8YI7CKIR4","dez_1b_fix_v2","31","f","0.47","39ASUFLU6X8ELFUIXT73DFFBRHNEXN","1525890","49896","2","1","2","2","0","0","2017-08-16 14:47:22"
"ANTH5IGN5CHN6","dez_1b_fix_v2","35","m","0.28","3GU1KF0O4I2B53G71BVWIUNNML1BPW","1405181","78418","0","1","2","2","0","0","2017-08-16 14:47:23"
"A2YP60DM1HYTH8","dez_1b_fix_v2","29","f","0.07","3Z3ZLGNNSIVR2KD9MVVF0GFL3PA3QO","1561217","116329","1","1","3","0","0","0","2017-08-16 14:47:27"
"A2EOOF9D135HQ1","dez_1b_fix_v2","41","m","1.08","308XBLVESI5WHGWME3ZLNPN2N3PBRO","1632567","191362","0","1","2","2","0","0","2017-08-16 14:47:28"
"A16UAN46CNIRHY","dez_1b_fix_v2","43","f","0.42","3PDJHANYK5HDMA1OM76JY5Z4MTGH6C","1671935","299284","0","1","2","2","0","0","2017-08-16 14:47:43"
"ACDTQNYOT3GG8","dez_1b_fix_v2","38","f","0.06","30OG32W0SUC99LGEVNKUFDODP3DEN3","1842637","74887","-1","0","2","0","0","1","2017-08-16 14:47:46"
"AM0QVBV8L6QCJ","dez_1b_fix_v2","55","m","0.69","382M9COHEHGM4B0NSOWGT8G7XZ6EUV","1802245","151969","0","1","2","3","0","0","2017-08-16 14:47:48"
"A2N2ZWDRLP5WIE","dez_1b_fix_v2","61","m","0.91","33FOTY3KEMMRYGPBU9G1SIB71QV1CP","1533428","123423","0","1","2","3","0","0","2017-08-16 14:48:05"
"A37TMN9TBUYALA","dez_1b_fix_v2","30","f","0.89","3D4CH1LGEAUM4X8B08RDXFE5XUB9GG","1721291","296697","0","1","2","3","0","0","2017-08-16 14:48:10"
"A2YGYTP7EIQ7EG","dez_1b_fix_v2","65","f","0.56","38YMOXR4MU0VJ0WDH6SJZ89R1HT6W1","1714785","178322","0","1","2","2","0","0","2017-08-16 14:48:16"
"A1RUURPQJ14A8X","dez_1b_fix_v2","26","f","0.65","35LDD5557A56D3NOF8GX0TCI4A0KMU","1344278","90556","0","1","2","0","0","0","2017-08-16 14:48:18"
"A3UTFL5JHRQCM1","dez_1b_fix_v2","31","m","0.87","31T4R4OBOSH5924DJPXATS2K4CVC7X","1488056","173608","0","1","2","3","0","0","2017-08-16 14:48:38"
"A3OXRDSUN9F10I","dez_1b_fix_v2","24","m","0.26","3WMINLGALB4NS42BQS9U3J4A5K1CAO","1843644","260283","0","1","2","2","0","0","2017-08-16 14:48:47"
"A09350121GO48AWFR15PV
","dez_1b_fix_v2","29","f","0.99","3B3WTRP3DB3WP3041T6OVBK4NB692X","1732446","201680","0","1","2","4","0","1","2017-08-16 14:48:59"
"A1G452MFAS690B","dez_1b_fix_v2","29","f","0.85","3QAPZX2QN4EET9CR1XNV20JBK7C02C","1451307","75125","0","1","2","3","0","0","2017-08-16 14:49:09"
"A2IGPW784OFV3D","dez_1b_fix_v2","28","m","0.99","3NXNZ5RS1AY3B4XA75NJR21CYRS97D","1471461","149464","2","1","2","2","0","0","2017-08-16 14:49:19"
"A1E4K9G6ZKPKX4","dez_1b_fix_v2","30","m","1","39RP059MEHU5K0JU9V341QTSHGQBM0","1357570","123924","0","1","2","3","0","1","2017-08-16 14:49:56"
"A25N0K40JAZTN1","dez_1b_fix_v2","46","m","0.71","38JBBYETQOBNND68DI5YG4IDYMI4EY","1504033","190618","0","1","2","2","0","0","2017-08-16 14:50:24"
"A14ADQ7RUN6TDY","dez_1b_fix_v2","68","m","0.33","3XXU1SWE8MW3YC7VECGA8I29WV4A0T","1653445","143710","0","1","2","2","0","0","2017-08-16 14:50:35"
"A1L3937MY09J3I","dez_1b_fix_v2","34","m","0.19","326O153BMIZ0N9P16T6RJ8CJBZBEDL","1285739","35770","1","1","2","0","0","1","2017-08-16 14:50:44"
"A1YBZWXXW358IF","dez_1b_fix_v2","63","m","0.63","3TVSS0C0E111LY7PDJ0CAI15LP3WT1","1657091","73513","3","-1","-1","2","0","0","2017-08-16 14:51:11"
"A3GIIL73GE2CBQ","dez_1b_fix_v2","31","m","1.37","3WR9XG3T63C2EYRYQARSAUQWCZE47C","1361047","81420","0","1","2","2","0","0","2017-08-16 14:51:20"
"A2FXD55FJV1RSV","dez_1b_fix_v2","29","m","0.81","3K9FOBBF2HKNFRQ6C97YS8EXY0FNL0","1531826","237686","0","1","2","2","0","0","2017-08-16 14:51:25"
"A39GADIK8RLMVC","dez_1b_fix_v2","34","m","0.66","3NOKK93PR195FF312OHBPQU4BBCEEE","1685082","38255","1","1","2","3","0","0","2017-08-16 14:51:43"
"A28FW73RBVGYZ9","dez_1b_fix_v2","32","m","0.69","3XUHV3NRVKZH361AHOWE6ZL4QY5H5W","1480967","63840","0","1","2","2","0","0","2017-08-16 14:51:55"
"A2S4YDJ9UGAXFQ","dez_1b_fix_v2","30","m","0.99","3PMBY0YE2749NLS6YMVU7OTQZ2JC99","2087391","665654","0","1","2","2","0","0","2017-08-16 14:51:56"
"AAS0V105QISPM","dez_1b_fix_v2","42","f","0.92","3L4D84MILZTPA5GV6Q0879498Z0HJI","1767142","87981","0","1","2","2","0","0","2017-08-16 14:51:59"
"A2XLTGDI5Q0VD","dez_1b_fix_v2","32","m","0.62","3ERET4BTVMAR6J4UQZCSV76Y4BS9KJ","1321147","39834","3","1","0","3","0","0","2017-08-16 14:52:05"
"A2HOUSKURBF8UA","dez_1b_fix_v2","44","m","0.98","33F859I566EJSMIJIYNR9LLW0URHBX","1641920","114766","0","1","2","3","0","1","2017-08-16 14:52:11"
"A36OS4XKUJF4NB","dez_1b_fix_v2","19","m","0.26","3M68NM076H8QB4FRICIDC91A92E6RY","1788923","122561","0","1","2","2","0","1","2017-08-16 14:52:12"
"A1OSRAPSRT934Z","dez_1b_fix_v2","28","f","0.82","3OVR4I9USPKCKGWDM90YAL7RHP64QA","1702561","252457","0","1","2","2","0","0","2017-08-16 14:52:25"
"A3RC4GE7UO09NR","dez_1b_fix_v2","26","m","0.87","392CY0QWG1SZ3I8U91VP1JG5QFP4I7","2107282","193701","2","1","2","3","0","0","2017-08-16 14:52:28"
"A3TQ04VI76IEMC","dez_1b_fix_v2","24","m","0.22","3PDJHANYK5HDMA1OM76JY5Z4MTG6H1","1707996","266766","0","1","2","1","0","1","2017-08-16 14:52:52"
"A1LB9JOMFQ1UMG","dez_1b_fix_v2","25","f","0.32","3IUZPWIU1O82IFH2JAMK9RE92CCWKV","1939823","133887","0","1","2","1","0","0","2017-08-16 14:53:07"
"A2SD7GN80U31GW","dez_1b_fix_v2","33","f","1.12","3ZAZR5XV01JOTCAJ2KPTKCVJE58CZP","1801586","86011","0","1","2","2","0","0","2017-08-16 14:53:20"
"ACIHCWKHNFC7U","dez_1b_fix_v2","28","m","0.34","3A4TN5196KJ22RAPWYJMK5REIFRCHZ","1606919","29873","2","2","2","2","0","0","2017-08-16 14:53:31"
"A1UX9EWSK062A9","dez_1b_fix_v2","39","f","0.85","32ZKVD547FO4YEBK3DYP5RKMHPAB3L","1516914","58520","1","1","2","2","0","0","2017-08-16 14:53:54"
"A10LGIY5HFYMZM","dez_1b_fix_v2","58","other","0.64","3JBT3HLQF837N1JN7PBZ4CUQDOMZPP","2209374","351444","0","1","2","2","0","0","2017-08-16 14:54:00"
"ARLGZWN6W91WD","dez_1b_fix_v2","29","f","0.18","3ITXP059PWKE0EUBHKC7BNBBHAHJS5","1674938","85988","0","1","2","2","0","0","2017-08-16 14:54:05"
"A2IQ0QCTQ3KWLT","dez_1b_fix_v2","46","f","1.17","3F1567XTNW6DHM2P34WPRTI73HK9QB","1589386","152707","0","1","2","3","0","0","2017-08-16 14:54:26"
"A3EWTW55UCNAHG","dez_1b_fix_v2","25","m","0.45","3Z4AIRP3C6EF1E06L5CO6VWH28J1XR","1427600","127181","0","1","2","0","0","1","2017-08-16 14:54:29"
"A3MU49UX4XYSHB","dez_1b_fix_v2","41","f","0.55","3NAPMVF0ZWGSBKCBMW84HFTYSLI27E","2214090","614961","3","1","2","2","0","1","2017-08-16 14:54:38"
"A25CFVQND4A0EV","dez_1b_fix_v2","22","m","0.72","3HMIGG0U4L7MCJA1PM754JQYIKJ8YO","1456199","130043","0","1","2","2","0","0","2017-08-16 14:54:44"
"A347XXV5JH19PB","dez_1b_fix_v2","39","f","0.43","3DL65MZB8DGQIHJN6XBGZ2U1QZZCEJ","1684667","177444","0","1","2","1","0","0","2017-08-16 14:55:47"
"AFN5VMMGYPF1I","dez_1b_fix_v2","58","f","1.1","3IOEN3P9S7K2IZGAKI3Y6IJX54K16X","1543472","122814","0","1","2","3","0","0","2017-08-16 14:56:16"
"A2WC2NO555XU3J","dez_1b_fix_v2","24","f","0.66","3OLQQLKKNSQDQVPTGPS2M67WGJ8EJZ","1825896","375642","0","1","2","2","0","1","2017-08-16 14:56:17"
"A3VIQ9XPOYB8K6","dez_1b_fix_v2","26","f","0.5","3AQF3RZ558JT8EAIRHIJVKNR6E3F6C","1405170","45445","2","0","1","2","0","1","2017-08-16 14:57:11"
"A2GB0RI43KU4Z","dez_1b_fix_v2","40","m","1.12","3I0BTBYZAXM4UU5YUIUQB4KGZM70YT","1486589","122994","0","1","2","3","0","0","2017-08-16 14:57:19"
"A2MQ6VUSKCQ9FH","dez_1b_fix_v2","34","m","0.62","34BBWHLWHACBCKREJ718WBZWA8NWIK","1873420","354126","0","1","2","2","0","0","2017-08-16 14:57:35"
"A1H053T5EXI6EP","dez_1b_fix_v2","40","m","0.88","3WQ3B2KGE8H8OBX5G9K6HY5PJ5V1BI","1541270","124105","0","1","2","3","0","0","2017-08-16 14:57:38"
"A2OW2CIT4H7364","dez_1b_fix_v2","29","f","1.18","34V1S5K3GS2K74J5OVIRLO1G3GA69D","1572541","147611","0","1","2","3","0","0","2017-08-16 14:58:04"
"A2Q1YS118AO2BP","dez_1b_fix_v2","29","m","0.66","32Q90QCQ1SM81FVBYASENL79V88EKY","2148756","721433","2","0","0","3","0","0","2017-08-16 14:58:09"
"AAKBYJD64R6K","dez_1b_fix_v2","43","m","0.98","3NS0A6KXC491AOQO46LCA3GYCXZZGL","2087267","489282","0","1","2","3","0","0","2017-08-16 14:58:37"
"A18SXC3JEN1O0U","dez_1b_fix_v2","58","m","0.36","37W3JXSD669X2K6JNPNBIZTK0RLWYQ","2045077","496282","0","1","2","0","0","0","2017-08-16 14:59:34"
"A15JP0TGZKLNIZ","dez_1b_fix_v2","23","m","0.71","3DIP6YHAPCTO6ETAPLVBXGYI08EE8F","1745148","234248","0","1","2","3","0","0","2017-08-16 15:00:00"
"A5EU1AQJNC7F2","dez_1b_fix_v2","28","f","0.46","3DL65MZB8DGQIHJN6XBGZ2U1QZZECL","2252878","61547","3","1","2","3","0","0","2017-08-16 15:00:14"
"A1BSA7FVVJGZ15","dez_1b_fix_v2","43","m","0.59","3A1PQ49WVHIIFO0RG1U2398NEI01HY","2139957","92181","1","1","2","2","0","0","2017-08-16 15:00:44"
"A1YIMBPJ9MUKLJ

","dez_1b_fix_v2","32","f","0.93","3UWN2HHPUY6AJ4LWWI4Z4USSQUNSNJ","1494606","95692","0","1","2","3","0","0","2017-08-16 15:01:08"
"ALGFDLMLSSKZ","dez_1b_fix_v2","30","m","0.68","3NVC2EB65Q00BM4VD5C9D2IN2YR3YR","1687681","275437","0","1","2","2","0","0","2017-08-16 15:01:14"
"AAJ1ZQECDZBEE","dez_1b_fix_v2","41","m","0.6","31Q0U3WYDPGLMZUF3S8QCWJT0F417W","1657645","186245","0","1","2","1","0","0","2017-08-16 15:01:16"
"A217W59SA6LZSR","dez_1b_fix_v2","24","f","0","3X65QVEQI0O4ONTFNJYKCXKLZW0CL6","1928794","119136","1","0","1","0","0","0","2017-08-16 15:01:27"
"AKYXQY5IP7S0Z","dez_1b_fix_v2","28","m","0.6","39GXDJN2OTF58PFWKBKLXKM403IV83","1421721","126278","1","1","2","0","0","0","2017-08-16 15:01:53"
"A3VUGKV2AX1Z2","dez_1b_fix_v2","35","f","0.53","3C8HJ7UOP7V12YMAF9J7N80V8JBZMT","1739298","109391","2","1","2","2","0","0","2017-08-16 15:02:30"
"A3OXSIR9YH1FT6","dez_1b_fix_v2","32","m","1.15","3A0EX8ZRN8P5EH88SYRFVLGZQQ4BYQ","1455841","119019","0","1","2","4","0","0","2017-08-16 15:03:12"
"A258DUZQTRIEK0","dez_1b_fix_v2","46","f","0.64","3EF8EXOTT1WE6UVH41XNFMO2RA41J3","1744154","217479","0","1","2","2","0","0","2017-08-16 15:03:25"
"A2P76QVLSGJR45","dez_1b_fix_v2","39","f","0.11","345LHZDEDXTJUDKQ34FKAHCA6AG3UT","1477217","101917","0","1","2","1","0","0","2017-08-16 15:03:53"
"A1RV2LERVS0A4H","dez_1b_fix_v2","30","f","0.77","3C6FJU71TQUKAGHESP8A0B8NFBAYUT","2784585","201194","0","1","2","2","0","0","2017-08-16 15:04:50"
"A2UF2FRGVW4T89","dez_1b_fix_v2","44","m","0.8","33OOO72IVHMS701KWS0BYOU2T9MCT9","1795682","198052","0","1","2","2","0","0","2017-08-16 15:05:19"
"A1CH3TODZNQCES","dez_1b_fix_v2","28","m","0","3LOTDFNYA70R2TPOIZVNTEM4UGVWFT","1613897","22532","0","1","0","0","1","1","2017-08-16 15:05:56"
"A267GLM78AMQ75","dez_1b_fix_v2","25","m","0.8","3HVVDCPGTET5A32PSKI0VFMLWX3YT2","1885155","340680","-1","-1","-1","4","0","0","2017-08-16 15:05:58"
"A1F4N58CAX8IMK","dez_1b_fix_v2","27","m","0.7","3K772S5NP8CHZPU3SPPHATRH3R4EHU","1998992","199447","0","1","2","0","0","0","2017-08-16 15:06:15"
"AXJ1PE87PD0KK","dez_1b_fix_v2","27","f","0.9","33ISQZVXPPNBLJZ9A65L9EUY5NMCCQ","2432377","564901","0","1","2","2","0","0","2017-08-16 15:07:37"
"A3GDTSFHVBUJHD","dez_1b_fix_v2","27","f","0.46","3DEL4X4EL6MCRKB9XUJXKI7R9TRYXL","1633711","214932","0","1","2","2","0","0","2017-08-16 15:07:46"
"AEWGY34WUIA32","dez_1b_fix_v2","30","m","0.56","3NGI5ARFTT6AS5YFZE27CIAE09A1P3","2524877","767184","1","1","2","1","0","0","2017-08-16 15:07:49"
"A17F06M11XQX6S","dez_1b_fix_v2","34","m","0.51","3AWETUDC92TF6FWJUULFVFTERARZID","2094751","529668","0","1","2","2","0","1","2017-08-16 15:08:00"
"A289S5O8KN4JYI","dez_1b_fix_v2","31","f","0.18","3GA6AFUKOOPEPRE6358LR2NKC2EH36","2690179","249121","0","1","2","2","0","0","2017-08-16 15:08:10"
"ARAW2BY7JQ2JH","dez_1b_fix_v2","29","m","0.29","37TD41K0AHARS0O57SVLOJYGRQ8CSK","2041733","138484","0","1","2","2","0","0","2017-08-16 15:09:09"
"AZMOA8ONG0D2U","dez_1b_fix_v2","37","m","0.64","3TDXMTX3CBVDI5C8SPO4YH0JM6V6IU","1800195","213316","0","1","2","3","0","1","2017-08-16 15:09:14"
"A2C84POENS2UNY","dez_1b_fix_v2","36","f","0.88","3NQL1CS15R9KNV6EXFIFWXA6TIJYVI","1514729","64634","0","1","2","2","0","0","2017-08-16 15:09:36"
"A1UCB0D27PY623","dez_1b_fix_v2","32","m","1.11","37ZHEEHM6WNHW28UQWM90PYQYZI73U","1336160","56271","0","1","2","2","0","0","2017-08-16 15:10:02"
"ANVXAMUEBGV8N","dez_1b_fix_v2","54","f","1","3B2X28YI3WG3VXY2MFWNCUW6RGB6BL","1547700","118676","2","1","2","3","0","1","2017-08-16 15:10:06"
"A1HN4550TIXQBZ","dez_1b_fix_v2","30","m","0.25","3MH9DQ757WDKOPWEYJM4TB1JAFKUGR","1515779","30253","1","1","0","2","0","1","2017-08-16 15:10:07"
"A3LC6M2EMDBBXP","dez_1b_fix_v2","27","f","0","3PW9OPU9PQLE0YX9XGRVG52LPZI12G","1859424","150533","0","1","2","1","0","1","2017-08-16 15:10:48"
"ATUY1BTU5BQDE","dez_1b_fix_v2","22","m","0.22","3LYA37P8IQOAUCJROJQOMD1OSBVBKV","1438656","197058","0","1","2","0","0","1","2017-08-16 15:11:18"
"A11THU6UGG3THR","dez_1b_fix_v2","38","f","1","3EG49X351UDA8013RBO51RNYAJZ6XU","1512546","120537","0","1","2","2","0","0","2017-08-16 15:11:24"
"A20HITED8LB7O5","dez_1b_fix_v2","32","f","0.86","3X4MXAO0BGPO5JUX9UVHA30NX46WRO","1557035","134736","0","1","2","2","0","1","2017-08-16 15:11:28"
"A9HQ3E0F2AGVO","dez_1b_fix_v2","29","f","0.67","36DSNE9QZ5ZZ2M2IA3VYRI1AKLEJO8","2353112","894627","0","1","2","3","0","0","2017-08-16 15:12:00"
"A3HNEYFOIJWPH1","dez_1b_fix_v2","33","m","0.37","3WS1NTTKEYDYU3O3PS22MJD0TBHF0B","1423998","118041","0","1","2","1","0","1","2017-08-16 15:12:08"
"ACN0C9HPYDTED","dez_1b_fix_v2","25","m","0.48","34V1S5K3GS2K74J5OVIRLO1G3G896E","2661123","1331905","0","1","2","1","0","0","2017-08-16 15:12:17"
"A1SWTHM03SN731","dez_1b_fix_v2","41","m","0.27","3Q5C1WP23M26ZVGWFZTTEC5X99915H","2633793","765095","0","1","2","2","0","0","2017-08-16 15:12:19"
"A39YBLQYIUBR76","dez_1b_fix_v2","44","m","1.06","3EFE17QCRC6I98ZLTK9MZAVW4IDHSY","1877297","423518","0","1","2","2","0","0","2017-08-16 15:13:01"
"A1P0XSCJ9XAV74","dez_1b_fix_v2","33","f","1.23","3Z4XG4ZF48SXCEKRKQL3L5JPGEP8XI","1606332","134479","0","1","2","2","0","0","2017-08-16 15:13:41"
"A2JOHICL072IY3","dez_1b_fix_v2","54","f","1.31","33LKR6A5KEL8KXRMGVBRHSBBPCV1T8","2314068","714584","0","1","2","2","0","0","2017-08-16 15:14:39"
"ADKKDK6P4MS1Z","dez_1b_fix_v2","37","m","0.84","3YGXWBAF70I8QFMUHRZ3QGIADA5C4D","3427593","164392","0","1","2","2","0","0","2017-08-16 15:14:55"
"A3F8G26PENQ6EO","dez_1b_fix_v2","28","f","0.09","3OVHNO1VE62YY4GX2GK44ID1Z5JZDB","1523673","124553","3","1","3","0","0","0","2017-08-16 15:15:59"
"A2VBSFSJXLZZ7A","dez_1b_fix_v2","35","m","0.55","3ZPPDN2SLVXOKJCKUD1PXCTTKEWE94","1525990","111178","1","1","2","2","0","1","2017-08-16 15:16:08"
"A3L2UB07EZJAMD","dez_1b_fix_v2","49","m","0.77","382M9COHEHGM4B0NSOWGT8G7XZ5UEA","1743880","195088","0","1","2","3","0","0","2017-08-16 15:17:01"
"A2ZRF4I5RTKN7G","dez_1b_fix_v2","39","f","0.86","3HL8HNGX452GQXCGPOLVFUETWFB9FH","1369844","101799","0","1","2","2","0","0","2017-08-16 15:18:27"
"A1BWR5RBQDZQ16","dez_1b_fix_v2","36","m","0.34","3QIYRE09Y3IAPKM2JZPF8T5J0U91N7","1598703","27210","-1","-1","2","1","1","1","2017-08-16 15:18:42"
"A266LNUJOVKCDS","dez_1b_fix_v2","31","f","1.17","3J4Q2Z4UTY4OTIFXWF6H5DQI1I4WQN","2609806","999264","3","1","2","2","0","0","2017-08-16 15:18:48"
"A1Y508FNU04ZLH","dez_1b_fix_v2","44","f","0.86","351SEKWQS0IYZXHENRUAWGHSK12MDI","3234868","1762008","2","1","2","3","0","0","2017-08-16 15:19:03"
"A1CFMY4CEYOM8Y","dez_1b_fix_v2","38","m","0.79","3WJEQKOXA83351SDAVKAMNLJ1NAA1W","1581377","141885","0","1","2","3","1","0","2017-08-16 15:19:17"
"A2CF2BD4Q0ZDJN","dez_1b_fix_v2","55","m","0.6","3ZQIG0FLQEHGYQBEIE0RB0PQIAJWVH","2750430","667236","0","1","2","2","0","0","2017-08-16 15:19:24"
"A8VFIXE5FL8C6","dez_1b_fix_v2","25","f","0.66","3SITXWYCNVAGECIYN25DC79QOK9XB5","1391575","106620","0","1","2","1","0","0","2017-08-16 15:19:41"
"A19WWXPWT25JD0","dez_1b_fix_v2","33","f","0.7","3XLBSAQ9Z4DIHVFNB3HI4Q35DUGZ7I","2798246","34617","3","0","2","1","0","0","2017-08-16 15:20:03"
"AU7A3QNJF3O00","dez_1b_fix_v2","28","m","1.11","3PPTZCWALQLSNDK272QO4HK0IK8ZQG","1765145","167950","1","1","2","2","0","0","2017-08-16 15:21:07"
"A19TL7AJ0FB1JG","dez_1b_fix_v2","27","f","0.63","3DZQRBDBSLG3F0SMEZKKVGUMLDV3SD","1291291","51783","0","1","3","2","0","0","2017-08-16 15:21:20"
"A3RXWX2HX0GU6T","dez_1b_fix_v2","27","m","1.07","3Z4AIRP3C6EF1E06L5CO6VWH28IX1M","1402463","101497","0","1","2","3","0","1","2017-08-16 15:22:11"
"A2K476TWLQ3T7T","dez_1b_fix_v2","35","f","0.8","33LK57MYLT640TZFZ6FTZHZ108TZS5","1413936","24645","0","1","2","2","0","1","2017-08-16 15:25:12"
"A1YM0IWPC72J7V","dez_1b_fix_v2","24","m","0.64","3JMSRU9HQIVMHQPNXE6LPUIQB6FEVK","1541845","268692","0","1","2","2","0","0","2017-08-16 15:25:23"
"A95RHRMLHT89M","dez_1b_fix_v2","23","m","0.69","3IX2EGZR7BK2ZZUY2VC2LD6FV8YJRH","3393950","1575417","0","1","1","2","0","0","2017-08-16 15:25:42"
"A3ITZNJQUTIZ4C","dez_1b_fix_v2","41","f","0.54","3BGYGHDBBXLLPJF5GKR9LOCQH5W22Y","1734866","198232","0","1","2","2","0","0","2017-08-16 15:25:53"
"A25CAT0W9W97Z8","dez_1b_fix_v2","30","m","0.85","3CCZ6YKWR7KOO0JRJC8MTING7LX95Y","3891150","95352","0","1","2","2","0","0","2017-08-16 15:26:29"
"A3NS1DN6J7Z3EU","dez_1b_fix_v2","33","m","1","3R9WASFE2ZHVWOUTTMFUSIGMBIZZFM","1873052","186714","0","1","2","2","0","0","2017-08-16 15:26:37"
"A3OVS1GP2W56FG","dez_1b_fix_v2","54","f","0.73","3SLE99ER0NE5J7IDOKTY9SP1WK7ZB4","1631192","73696","0","1","2","2","0","0","2017-08-16 15:29:55"
"A3RVYJNYREMTAH","dez_1b_fix_v2","27","m","0.91","3N1FSUEFL51IV7S8HNUEAM0SYAH4D5","1571222","12162","0","1","2","3","0","0","2017-08-16 15:30:26"
"A1B5KIQ8JLR2F7","dez_1b_fix_v2","28","f","0.45","31JLPPHS2UVOH80T7I3BBBKLOOS3OG","2246874","877962","3","1","2","2","0","0","2017-08-16 15:31:18"
"A341XKSRZ58FJK","dez_1b_fix_v2","43","m","0.86","30LB5CDZNCB4ZKF3Q4W9PBTI5GB0ZK","1425564","87326","0","1","2","3","0","0","2017-08-16 15:31:23"
"A1V2H0UF94ATWY","dez_1b_fix_v2","59","m","0.27","3TU5ZICBRD2D3HJFYCQBRXNWJB3Q84","1912139","457605","0","0","2","1","0","0","2017-08-16 15:31:58"
"AAASQIW3J32OL","dez_1b_fix_v2","57","f","0.49","304SM51WA358IVWZTSZQDZSY958BSC","1560069","125481","0","1","2","2","0","0","2017-08-16 15:32:09"
"AZOF6QSSWG98H","dez_1b_fix_v2","33","m","0.84","3WJEQKOXA83351SDAVKAMNLJ1NA1AN","1943269","453281","0","1","2","2","0","0","2017-08-16 15:32:22"
"A1KZAWC8OC4SZ5","dez_1b_fix_v2","36","m","0.65","354GIDR5ZB77XZ9DMAJHJCQWN9S00S","1741290","152806","-1","1","2","3","0","0","2017-08-16 15:32:44"
"AWTGJ45ZWUCHH","dez_1b_fix_v2","25","f","0.59","3IKZ72A5B4H1FZGAQY40XV9D14TFNN","1217867","23482","3","0","3","3","0","0","2017-08-16 15:32:56"
"A2XWD4PZM6JU0M","dez_1b_fix_v2","25","m","0.43","3NS0A6KXC491AOQO46LCA3GYCX0GZ3","3043255","23754","1","0","0","1","0","0","2017-08-16 15:33:12"
"AK3H5QRAROFGP","dez_1b_fix_v2","29","m","0.38","3ZPPDN2SLVXOKJCKUD1PXCTTKEW9EZ","1515825","202439","0","1","2","2","0","0","2017-08-16 15:33:25"
"A3U21K8PHW1ZIA","dez_1b_fix_v2","35","f","0.71","39DD6S19JPC3QAUXYBVOA0VMZHKZE4","1604834","54531","1","0","2","3","0","1","2017-08-16 15:33:29"
"AMA18W8F60Y2J","dez_1b_fix_v2","49","f","0.77","3DH6GAKTYYQ1WFBOYC7IH3N2HTPYZI","2995723","48792","0","0","1","2","0","1","2017-08-16 15:34:00"
"A351P2O6QGTCS","dez_1b_fix_v2","52","f","1.03","3PJUZCGDJ6H7BI2THAFP52X79BY980","1964889","624349","-1","0","2","4","0","1","2017-08-16 15:34:05"
"A2QDE9YZZ9FQ4O","dez_1b_fix_v2","34","m","0.76","3D8YOU6S9ELIRW78M6DIHKOUG1I6U2","4234478","121602","0","1","2","3","0","0","2017-08-16 15:34:21"
"A21H2UDDHN8ZF","dez_1b_fix_v2","33","f","0.82","37W3JXSD669X2K6JNPNBIZTK0RLYWS","2812190","126499","0","1","2","3","0","1","2017-08-16 15:34:46"
"A2WMYUGCQ4XIAL","dez_1b_fix_v2","49","m","0.83","3MH9DQ757WDKOPWEYJM4TB1JAFRUGY","1963619","224343","0","1","2","3","0","1","2017-08-16 15:35:02"
"A3G5IPGLH1IIZN","dez_1b_fix_v2","53","f","0.73","30BXRYBRP4YBGPGUDPJNWZYHAV8WHR","2791691","943966","0","1","2","2","0","1","2017-08-16 15:36:45"
"A22JBMOHQKHTSS","dez_1b_fix_v2","27","m","1","36NEMU28XFEX83H54MZ0O46DRH7WM0","1657580","210766","0","1","2","2","0","0","2017-08-16 15:37:27"
"A2JI5RNPPXE8QE","dez_1b_fix_v2","25","m","0.21","3DQQ64TANGM3T6EIW2RS5808WMIWPW","1796283","390190","0","1","2","0","0","0","2017-08-16 15:38:33"
"A3D2U4QF7821ZW","dez_1b_fix_v2","31","m","0","37Q970SNZE975XE7RV617NFPNTH1SJ","4162645","1253463","0","1","2","0","0","0","2017-08-16 15:38:41"
"A2RBF3IIJP15IH","dez_1b_fix_v2","32","m","0.75","3M0NZ3JDP1Z3UR14NA2L66P9MOLZ53","2577812","965147","2","1","2","2","0","0","2017-08-16 15:38:55"
"A3M0I9QQHXMBN0","dez_1b_fix_v2","27","m","0.37","3IRIK4HM3ALM52Q80FSINE2O91BC6Y","4829544","3406397","0","1","2","3","0","0","2017-08-16 15:40:41"
"A1JYOZ111S9MIR","dez_1b_fix_v2","25","f","0.56","3OS46CRSLF0I4BW8RWNND6QDU8R6VR","4856631","3437733","1","1","2","4","0","0","2017-08-16 15:40:45"
"A2W8ZV9DQWVHJK","dez_1b_fix_v2","28","f","0","3L0KT67Y8EH4V3PA3KDALAQZUEPYSD","2704425","592913","-1","2","1","1","1","1","2017-08-16 15:41:26"
"A1V6CSBT0WW2OF","dez_1b_fix_v2","44","f","0.47","3JAOYWH7VI52QPMCBZOTA7JDTB39LS","1755066","223189","1","1","2","2","0","0","2017-08-16 15:41:26"
"A3QS96739O5M6F
","dez_1b_fix_v2","28","m","1.07","37WLF8U1WPR4O02WSS9GBXFWEAK6K5","4948941","186302","0","1","2","3","0","0","2017-08-16 15:42:07"
"A3U74S280Z4B0","dez_1b_fix_v2","58","m","1.15","3OONKJ5DKCKTK346MBIHTUIXCG5BOF","1704961","334507","0","1","2","3","0","0","2017-08-16 15:42:35"
"A27CNO4K5K6V5R","dez_1b_fix_v2","24","m","0","3OF2M9AATGP6CAM7UX6R8V8RJEGZKO","1723756","114325","2","0","0","0","0","0","2017-08-16 15:43:08"
"A14NP6X071S7GK","dez_1b_fix_v2","30","m","0.43","3TUI152ZZBOVSHZUZRHWCN0O55W1QU","2680023","46707","0","1","2","1","0","0","2017-08-16 15:44:42"
"A1F34ZP6YNI98F","dez_1b_fix_v2","31","f","0.88","39GAF6DQWR1NXPVBLQB6IAZWMXB1VO","1529793","78406","0","1","2","2","0","0","2017-08-16 15:44:50"
"A2XUADP5L61HQ5","dez_1b_fix_v2","25","m","0.65","3X31TUMD7XNK1KJH7M90V11UVZ91L5","1595120","129195","1","1","2","0","0","0","2017-08-16 15:47:00"
"A16OH8XXYY0AAS","dez_1b_fix_v2","23","m","0.33","3SUWZRL0MYE120AMW6YDD22RUDO6EL","1487573","75378","1","1","2","3","0","0","2017-08-16 15:47:01"
"A2YGAEODJ5SSF6","dez_1b_fix_v2","40","m","0.22","3X73LLYYQ1FLTV7GLOS00GLQHJ5HNM","1616548","98457","0","1","2","0","0","0","2017-08-16 15:48:28"
"A26M997VYVK0E6","dez_1b_fix_v2","30","m","0.24","30IQTZXKAK7FUPFOPM8OSQD7XGD0XN","2651423","149261","3","1","2","0","0","0","2017-08-16 15:49:02"
"A3T9LVCYQIS4UT","dez_1b_fix_v2","38","m","0.33","3O7L7BFSHEQHVK5NY772A5SW34OEIS","3003102","274678","0","1","2","1","0","0","2017-08-16 15:49:23"
"A1SDNGUVPDDQ57","dez_1b_fix_v2","39","f","0.81","3YW4XOSQKQMNKA6BG011MOXD8Q21UZ","1525418","169063","0","1","2","2","0","0","2017-08-16 15:49:27"
"AC8IEBY696VJO","dez_1b_fix_v2","34","f","0.71","3R8YZBNQ9HJ933EWO7Y5DXR18R87Q9","1453142","85220","0","1","2","0","0","0","2017-08-16 15:49:57"
"A28HB7240OFGEW","dez_1b_fix_v2","25","m","1.09","31T4R4OBOSH5924DJPXATS2K4CV7CS","1337863","85918","0","1","2","3","0","0","2017-08-16 15:51:28"
"AYKZ9H4BNW810","dez_1b_fix_v2","29","m","0.72","34S6N1K2ZVKV5V4V9BCLNOH1CO5HLK","1592099","104318","0","1","2","2","0","0","2017-08-16 15:53:05"
"A2BZY06YRWGEDL","dez_1b_fix_v2","28","m","0.95","38F5OAUN5NDWQAFT5HBB4JZ0H40H7B","1417229","53797","2","0","2","3","0","1","2017-08-16 15:54:25"
"A3L0DCUXI7X3A9","dez_1b_fix_v2","45","m","1.24","3NL0RFNU0FOQ9DYI94G1EZVIIJPK49","1984121","395147","0","1","2","3","0","0","2017-08-16 15:55:00"
"AYPOAY43REHC8","dez_1b_fix_v2","50","f","0.11","3FIJLY1B6U51IKSN6DHS1KE81JUFPJ","1265273","19977","2","2","3","2","0","0","2017-08-16 15:55:47"
"AVQGY7FCU80XP","dez_1b_fix_v2","40","m","0.86","3ZGVPD4G6TI5FTCUO6KJ9MVN2R7ZTU","2867945","1507860","0","1","2","3","0","0","2017-08-16 15:55:50"
"AJNQ2PBD07FKE","dez_1b_fix_v2","30","f","0.62","33FOTY3KEMMRYGPBU9G1SIB71QVC10","1571437","164245","2","0","0","3","0","0","2017-08-16 15:55:59"
"A22051NK9RQ4FV","dez_1b_fix_v2","37","f","0.95","3W8CV64QJ2004T3MKE9VIFQ6CUOH9N","1492393","160161","0","1","2","2","0","0","2017-08-16 15:56:11"
"A610SH5RY1NG1","dez_1b_fix_v2","33","m","0.89","3HHRAGRYX86AWAP9OR4L2ON7OG29O3","1319131","57789","0","1","2","2","0","0","2017-08-16 15:56:32"
"A15JXW50UYKBGP
","dez_1b_fix_v2","27","f","0.53","3QFUFYSY9YGFTR648TP4YM3DANA4FT","1495734","64328","0","1","2","2","0","0","2017-08-16 15:56:56"
"A2XG3FPY0UDZIJ","dez_1b_fix_v2","30","f","1.15","32RIADZISS5OXWBQEDP35LMSZDR4SZ","4938107","3527057","-1","2","2","2","1","0","2017-08-16 15:57:33"
"A2QSAOQ838LIII","dez_1b_fix_v2","45","f","0.23","33SA9F9TRXVZWFPSNOBHBW14IFSWEN","2123453","124794","0","1","2","0","0","0","2017-08-16 15:57:36"
"A2EEL9YYUHL5SK","dez_1b_fix_v2","39","f","0.75","3E13VNJ1NNWIBJBBMJCN3L92EVF1IR","1486101","77176","0","1","2","2","0","0","2017-08-16 16:02:14"
"A2531UD0IGT731","dez_1b_fix_v2","33","f","0","3S3AMIZX3U6LQB5NA20WTKCGQNZDCS","2866720","312048","0","1","2","0","0","0","2017-08-16 16:02:55"
"A27K37YQZDPER6","dez_1b_fix_v2","45","f","0.21","3HPZF4IVNMUOOM0E6YNA65MH8B4CYY","2285334","283941","0","1","2","0","0","0","2017-08-16 16:03:04"
"A1WYDO7PQJ8UG","dez_1b_fix_v2","27","f","0.6","3XM0HYN6NK09C6SRB2XMJ2T8PIEEPZ","2299832","164371","0","1","2","0","0","0","2017-08-16 16:04:13"
"AT3C00TKZK13L","dez_1b_fix_v2","29","m","0.31","30IQTZXKAK7FUPFOPM8OSQD7XGCX0J","5180080","3757756","3","1","3","1","0","1","2017-08-16 16:06:13"
"ANQ0RLFEZ17W0","dez_1b_fix_v2","26","f","0.84","3S06PH7KSR5138VPU5BCCOTPMQ71DP","1470154","127078","0","1","2","3","0","0","2017-08-16 16:06:43"
"A2CHDWKAYZ3P3E","dez_1b_fix_v2","30","m","0.6","36WLNQG78ZB78CRHSXFLOIOJ8EZEBE","1376541","82555","0","1","2","3","0","0","2017-08-16 16:08:32"
"AJFVK3O1D7SPE","dez_1b_fix_v2","36","f","0.98","3L70J4KAZGNXXW8PQO45NPMSQKEDAQ","2790861","189546","0","1","2","3","0","0","2017-08-16 16:08:55"
"A3K2VLUT3MU9H2","dez_1b_fix_v2","26","m","0.12","32UTUBMZ7GXOAND3NN4VOMC5892BVH","2787536","1070183","2","1","0","2","0","1","2017-08-16 16:09:43"
"A8TK3JACM5EM","dez_1b_fix_v2","26","m","0.52","3RXPCZQMQPC4FS5GWVCKI9WMZIN1GZ","1831289","188068","0","1","2","2","0","1","2017-08-16 16:10:21"
"A2DXEPC4QFV4R1","dez_1b_fix_v2","53","f","0.71","3IQ1VMJRYTLLU6V8E8Z31T32ZZY9A4","1782616","181973","0","1","2","2","0","0","2017-08-16 16:11:31"
"AUAN582MLI96N","dez_1b_fix_v2","38","m","0.48","39ZSFO5CA8XUFRMF6P77QOTZ271UJV","5842841","1595336","1","1","2","1","0","0","2017-08-16 16:11:59"
"A1ZZ7YO3YASNIP","dez_1b_fix_v2","25","f","0.23","33PPUNGG386SZEZ2KHFO97U5E6AZRH","6739632","3925210","0","1","2","1","0","0","2017-08-16 16:12:26"
"A12HZGOZQD5YK7","dez_1b_fix_v2","36","f","1.15","3IO1LGZLK9YKTZ0VJ3CDLS65JAQ68M","1674239","231794","0","1","2","3","0","0","2017-08-16 16:12:39"
"A1AHYAWHM0ML7H","dez_1b_fix_v2","29","f","0.9","3OONKJ5DKCKTK346MBIHTUIXCGGOB3","1481233","79352","1","1","2","2","0","0","2017-08-16 16:12:55"
"A10M3SP9DJ1QNL","dez_1b_fix_v2","25","m","0.77","3O7L7BFSHEQHVK5NY772A5SW34JEIN","1622184","227263","0","1","2","2","0","0","2017-08-16 16:14:54"
"A1IQV3QUWRA8G1","dez_1b_fix_v2","51","f","0.11","3TR2532VIPV9DGWEA794AIFJZLK6J6","1627308","14262","0","1","0","1","0","0","2017-08-16 16:16:55"
"A18G2CLYSTENK","dez_1b_fix_v2","28","m","0","34PGFRQONOC77VBK1PM88CEWNNCWJW","1179673","10252","1","2","3","0","0","0","2017-08-16 16:18:12"
"A3BJTC39BU7R4V","dez_1b_fix_v2","27","m","0.8","3NAPMVF0ZWGSBKCBMW84HFTYSLI72J","1615580","110894","0","1","2","2","0","1","2017-08-16 16:19:49"
"A3G5FY6NGZWIY7","dez_1b_fix_v2","31","f","0.14","39JEC7537U27KS591N0QZ6INQU2CVP","1851701","274787","2","1","2","0","0","1","2017-08-16 16:22:48"
"A1VIP6S8H2XXH7","dez_1b_fix_v2","28","m","0.55","35GCEFQ6I5P0GCE09RESR9RP8SV3ZI","1531217","59353","1","1","0","2","0","0","2017-08-16 16:24:33"
"AKCH7EGJBNV43","dez_1b_fix_v2","39","f","0.81","3GNCZX450IO6MTBFVXV0NJ3H43RAPB","2060055","251936","0","1","2","2","0","0","2017-08-16 16:25:14"
"A3GO2JCV966XGE","dez_1b_fix_v2","27","m","0","3R0T90IZ1SDO2VFECS14Z5FD3FECG0","4997226","317918","0","1","2","0","0","1","2017-08-16 16:29:07"
"A3TMUAPCRFG63N","dez_1b_fix_v2","28","m","0.99","3SLE99ER0NE5J7IDOKTY9SP1WK8BZH","1487637","63711","0","1","2","3","0","0","2017-08-16 16:30:46"
"AB1X97ASE626Q","dez_1b_fix_v2","37","m","1.09","39RP059MEHU5K0JU9V341QTSHG1BMB","1685068","201842","0","1","2","3","0","0","2017-08-16 16:32:58"
"A2W8ZODKKQ7RYP","dez_1b_fix_v2","48","f","1.07","3O6CYIULED2GLBMEDOQMFEN743AWUS","1607165","196149","0","1","2","2","0","0","2017-08-16 16:35:28"
"A1TGV7LT6LTIQU","dez_1b_fix_v2","38","m","0.46","3570Y55XZPK15YGJ8KJTWW7W637YG5","1466448","110098","0","1","2","1","0","0","2017-08-16 16:36:27"
"A2TYLR23CHRULH","dez_1b_fix_v2","39","m","1.33","3H0W84IWBK3UOJ86OU1BOXTNQ02ERR","1692124","244900","0","1","2","3","0","0","2017-08-16 16:36:35"
"A3NQ988D43B0JW","dez_1b_fix_v2","24","m","0.19","3KAKFY4PGU3ELMPQ9NQ6REOZCGDI3M","1214158","12218","-1","0","2","2","0","1","2017-08-16 16:42:14"
"A23KAJRDVCVGOE","dez_1b_fix_v2","38","m","0.99","3Z7EFSHGN9FZOHA41218NRF866UCXE","1400248","43838","0","1","1","3","0","0","2017-08-16 16:42:41"
"A3UPZ88FI1EJC","dez_1b_fix_v2","29","f","0.95","3GM6G9ZBKNY5GMDB9HUP1KZENOAMTN","1492473","106766","0","1","2","3","0","0","2017-08-16 16:42:49"
"A2W6APZ4SBCJXA","dez_1b_fix_v2","22","m","0.42","3EICBYG644XYTX5FKYM7WI7TV7VCJ4","1478172","170698","0","1","2","1","0","0","2017-08-16 16:42:59"
"A1FSPD1LIOXCN1","dez_1b_fix_v2","32","f","0.91","3MH9DQ757WDKOPWEYJM4TB1JAFLGUE","1614016","274680","0","1","2","2","0","0","2017-08-16 16:43:34"
"A1F9KLZGHE9DTA","dez_1b_fix_v2","42","m","0.61","3LOTDFNYA70R2TPOIZVNTEM4UHGFWZ","1471108","202588","0","1","2","2","0","0","2017-08-16 16:43:45"
"A3908297ZI3LES","dez_1b_fix_v2","55","f","0.59","374TNBHA8BWSINAXBGO5QABYCQ4YQO","1680220","176068","0","1","2","2","0","0","2017-08-16 16:43:45"
"A1AQQFJAF8CI4H","dez_1b_fix_v2","32","m","0.39","323Q6SJS8IH953UZN09NSBCHFSJHFF","1555121","116098","1","2","2","2","0","0","2017-08-16 16:44:59"
"A1HKCTDOTL6C9I","dez_1b_fix_v2","41","m","1.32","3TPWUS5F892KZH5ERX5ML811X4OCWL","1544151","184160","0","1","2","3","0","0","2017-08-16 16:45:15"
"A1KSJZHZHJ20AX","dez_1b_fix_v2","32","f","0.81","3YT88D1N08Z5RHFE9QBI4U3C4JI3KW","1722121","298268","0","1","2","3","0","0","2017-08-16 16:45:26"
"AMNMG3DCCC166","dez_1b_fix_v2","44","f","0.74","3LRKMWOKB5IBVUIH5R0N8ZMX2EUZ22","1919958","431593","0","1","2","2","0","0","2017-08-16 16:46:33"
"AA9V4NE8SOA4I","dez_1b_fix_v2","47","m","0.66","3NKQQ8O39Y6HC5MNWTLWNQYMXOPUD4","1706404","220746","0","1","2","2","0","0","2017-08-16 16:49:09"
"AJSS6PQTQSS8D","dez_1b_fix_v2","52","f","0.47","3AZHRG4CU4L3ER8A5X10LAO3QLC03N","1763775","278361","3","1","2","1","0","0","2017-08-16 16:50:32"
"AZJEGHE4605S5","dez_1b_fix_v2","28","m","1.21","3Z7ISHFUH0WMH9K6L89OIQZ0OEN8ZF","1576609","80209","0","1","2","3","0","0","2017-08-16 16:54:21"
"AR75XTT2KAUL2","dez_1b_fix_v2","33","m","0.12","386CSBG1OZNQZ30R5XTD7JR5DGC6QX","1608079","174602","0","0","2","1","0","0","2017-08-16 16:54:55"
"A21ZMR7O42OSMI","dez_1b_fix_v2","36","f","0.91","3X31TUMD7XNK1KJH7M90V11UVZF1LB","1387644","165528","1","1","2","2","0","0","2017-08-16 16:55:07"
"A35C12CR628WKD","dez_1b_fix_v2","21","m","0.17","392CY0QWG1SZ3I8U91VP1JG5QG9I47","1251152","27996","0","1","1","1","0","0","2017-08-16 16:59:21"
"A25H7HFOG5D9B4","dez_1b_fix_v2","28","f","1.06","3EO896NRAWWFFE7Q6KHXLS7XJUBJTC","1603921","130206","2","1","2","3","0","1","2017-08-16 17:00:14"
"A1Z3X76CPRU9OT","dez_1b_fix_v2","40","m","0.67","35GCEFQ6I5P0GCE09RESR9RP8SUZ3D","1542731","195061","0","1","2","2","0","0","2017-08-16 17:00:34"
"A1MM8TSLCHVMNK","dez_1b_fix_v2","27","f","1.21","3U0SRXB7CD6YIPLJHT4UEKNW4TNRNF","1461534","157474","0","1","2","3","0","0","2017-08-16 17:02:19"
"A3PC7DYXJW4I2Z","dez_1b_fix_v2","22","m","1.21","3SNVL38CI4TT4HBX2JMJXX76AXFKCX","1459640","40698","0","1","2","3","0","0","2017-08-16 17:02:53"
"A110JYKWR9T6H8","dez_1b_fix_v2","32","f","0.21","31IBVUNM9S0EN4PJSPQR7C3QN8EFVP","2694994","1208394","0","1","2","2","0","0","2017-08-16 17:02:57"
"A39XQI36EWJLDJ","dez_1b_fix_v2","51","f","1.07","3QY5DC2MXRLEAP0JNZGMBQ17915FU0","1791613","140945","0","1","2","2","0","0","2017-08-16 17:03:53"
"A2VXIWQ7WRR962","dez_1b_fix_v2","28","m","0.9","3K3R2QNK8B459F96KDGU1UFW621U9C","2432458","457680","1","1","3","2","0","1","2017-08-16 17:03:56"
"ASTR3EPUOKEXV","dez_1b_fix_v2","27","m","0.66","3QY5DC2MXRLEAP0JNZGMBQ1790KUFS","1823193","123047","0","1","2","3","0","0","2017-08-16 17:04:23"
"ABNTDXT618WJQ","dez_1b_fix_v2","34","f","0.61","3LRLIPTPEQA5B2EZI5QSR2HIAUUKAV","1621777","203713","0","1","2","2","0","0","2017-08-16 17:04:25"
"A7KLTVEIASF4J","dez_1b_fix_v2","25","m","0.08","3COPXFW7XBDCY6K17O8PHX6D9GUPKG","2866696","28485","0","1","0","0","1","1","2017-08-16 17:05:14"
"A1K8QNLYYYX21W","dez_1b_fix_v2","29","m","0","30H4UDGLT2J7OUK4S0L5WAYHYLLMPE","1993074","779055","3","1","0","1","1","1","2017-08-16 17:09:14"
"AZJVAP536DY13","dez_1b_fix_v2","33","m","0.05","304SM51WA358IVWZTSZQDZSY95JBSN","1754515","104921","0","1","2","2","0","0","2017-08-16 17:11:11"
"A193FEHCOS0E2J","dez_1b_fix_v2","24","m","0.95","3TR2532VIPV9DGWEA794AIFJZLK6J6","1452500","137365","0","1","2","3","0","0","2017-08-16 17:11:41"
"A317L37U2W6R4P","dez_1b_fix_v2","26","m","1.39","3HPZF4IVNMUOOM0E6YNA65MH8COCYK","1286568","69003","0","1","2","3","1","0","2017-08-16 17:12:00"
"A1DKVUTOBPQH11","dez_1b_fix_v2","33","m","0.66","3CFJTT4SXTRWM5QDBZTW4V0FHIZI7R","3268132","420129","0","1","2","2","0","0","2017-08-16 17:12:30"
"AUF09PDKT2WLP","dez_1b_fix_v2","41","f","0.97","37TD41K0AHARS0O57SVLOJYGRRSCS6","1420213","25416","3","0","1","2","0","1","2017-08-16 17:13:29"
"A24Z9RP5YZZ2TY","dez_1b_fix_v2","28","m","0.63","3TMFV4NEP8FINEF1ALPHJM5I7CJ8WP","1500127","200337","0","1","2","2","0","0","2017-08-16 17:13:59"
"A39Q4SNT7SRK94","dez_1b_fix_v2","27","m","0.19","3TXWC2NHNZRPU2H2V8LUMTX8L559S0","1990923","58558","2","0","1","2","0","0","2017-08-16 17:17:28"
"A16G6PPH1INQL8","dez_1b_fix_v2","49","f","1.05","3E1QT0TDFPA0MJVWL4L2IVWAS25I8E","1810628","461944","0","1","2","3","0","0","2017-08-16 17:19:59"
"A2VX8B1CJXRN2","dez_1b_fix_v2","53","f","0.24","30BXRYBRP4YBGPGUDPJNWZYHAWPHWV","1895836","283286","0","1","2","1","0","0","2017-08-16 17:21:42"
"A2MUCL20GTQJA0","dez_1b_fix_v2","30","m","0.48","3VNL7UK1XFKZACLUNUQC6UF5QNYFT9","1660528","207398","1","1","2","1","0","0","2017-08-16 17:24:10"
"AN9MVFWRCF2OP","dez_1b_fix_v2","26","m","0.79","3JAOYWH7VI52QPMCBZOTA7JDTBX9LM","1369946","53260","0","1","2","2","0","0","2017-08-16 17:24:11"
"A1AQK667NBERJ1","dez_1b_fix_v2","35","m","0.78","3QFUFYSY9YGFTR648TP4YM3DANXF4R","1320287","70595","-1","1","2","2","0","1","2017-08-16 17:27:42"
"A24DYXCGZQUZUQ","dez_1b_fix_v2","33","m","0.7","39U1BHVTDLS4U0513ZPA5LQ8NW93T2","1478410","114429","3","0","2","0","0","1","2017-08-16 17:31:57"
"A38IMMFKB2JJQK","dez_1b_fix_v2","47","f","0.61","3CFVK00FWLMF86KEDSLHQXSB3AP6L8","1508441","93388","0","1","2","3","0","0","2017-08-16 17:39:40"
"A26RO8GGTQAXGG","dez_1b_fix_v2","54","f","1.09","3X31TUMD7XNK1KJH7M90V11UVZF1LB","1490704","123226","0","1","2","3","0","0","2017-08-16 17:42:53"
"A2WCXJZEXXR60A","dez_1b_fix_v2","60","m","1.24","3S4AW7T80BJ1TJG0U4S2TZ8X7JJ4LL","1644653","286455","0","1","2","3","0","0","2017-08-16 17:47:06"
"A2E3TO92MCQ9XU","dez_1b_fix_v2","35","m","0.46","37UQDCYH6XW18BADA6SFJKQ9PJCV7G","4696544","2533513","0","1","2","2","0","0","2017-08-16 17:48:02"
"A5N6QK76RTR7R","dez_1b_fix_v2","48","f","1.04","34YB12FSQYP1BHR5PHVI21KPXU2MGE","1559051","126589","0","1","2","2","0","1","2017-08-16 17:48:20"
"APR6H3HAOE9OU","dez_1b_fix_v2","42","m","0.53","3TDXMTX3CBVDI5C8SPO4YH0JM7FI6S","1480725","115103","0","1","2","1","0","0","2017-08-16 17:53:22"
"AGVIHLR1DX7","dez_1b_fix_v2","32","m","0.82","31QTRG6Q2TE7IB9IB39GQ5LO7UIYPX","1509661","126427","0","1","2","2","0","0","2017-08-16 17:55:27"
"A2DKVCJ3ZDJOQ","dez_1b_fix_v2","24","f","0.95","3EJPLAJKEMHZDV1ISTCQYC39IJWZ6J","1877989","108700","1","1","2","3","0","0","2017-08-16 17:57:50"
"AOKTAHY4F4J2B","dez_1b_fix_v2","26","m","0.91","3BC8WZX3V3XJXNDBA0LBN4S65QCRR3","1683318","312273","0","1","2","4","0","0","2017-08-16 18:01:10"
"A9YJYYOWOVCR1","dez_1b_fix_v2","34","m","0.45","32SVAV9L3FAZF46SXZYTAG0GZ88A3A","1751071","327950","0","1","2","2","0","0","2017-08-16 18:03:12"
"A16SAB417Y96G4","dez_1b_fix_v2","29","m","0.09","3ZSY5X72NXCG0ALVI847T9N1U3SROU","1199207","21640","3","1","3","2","0","0","2017-08-16 18:29:47"
"A20CZCJPRP54G9","dez_1b_fix_v2","40","m","0.66","3MD9PLUKKIF7KG7ARAY70NPVD9RZNZ","2157318","677304","0","1","2","1","0","0","2017-08-16 18:29:49"
"A1GKD3NG1NNHRP","dez_1b_fix_v2","57","f","0.1","3GGAI1SQEVZOU5B0NVZZCAZAZ1QCM8","1920423","190185","0","1","2","4","1","1","2017-08-16 18:30:10"
"A24Z8V5IV2VJ8F","dez_1b_fix_v2","35","f","0.06","37C0GNLMHF4WAUWM0BNT7KK6U1N6DS","1348904","50483","0","1","2","0","0","1","2017-08-16 18:36:36"
"AKWJ11TYOGBJ3","dez_1b_fix_v2","32","f","1.2","3A1PQ49WVHIIFO0RG1U2398NEI0H1E","1767191","179806","0","1","2","3","0","0","2017-08-16 18:38:38"
"A3O7X46E3REM7I","dez_1b_fix_v2","30","m","0.68","3H7Z272LX78NIC2JSOKQWXJSYGZPLJ","1755510","109524","0","1","2","2","0","0","2017-08-16 18:42:02"
"A1XDMS0KFSF5JW","dez_1b_fix_v2","37","m","0.73","3YZ8UPK3VTN77DG9WXQL3KG4CODUC4","2142952","619882","0","1","2","0","0","1","2017-08-16 18:45:22"
"ABL3H3O3BI8ZD","dez_1b_fix_v2","27","m","0.43","3QY7M81QH7NNS0G1B2E8HBFS9MOK74","2460319","115662","0","1","2","4","0","0","2017-08-16 18:48:25"
"A2Z70GL7HTFFQR","dez_1b_fix_v2","29","m","1.19","3FTF2T8WLRJI1JYBFDVVJI0TRI19WF","1644378","182748","0","1","2","4","0","0","2017-08-16 18:49:20"
"A1QP4NP83WGF17","dez_1b_fix_v2","22","f","0.2","3FDJT1UU74985W2IN9ZBJR1WIGTK5P","2312436","39815","2","0","2","1","0","1","2017-08-16 19:19:47"
"AIICJA0A5J8NF","dez_1b_fix_v2","22","f","1.15","3LYA37P8IQOAUCJROJQOMD1OSCFKBQ","1793529","357265","0","1","2","2","0","0","2017-08-16 19:45:15"
"A3HIRLDYDLBYDQ","dez_1b_fix_v2","55","f","0.82","3C8HJ7UOP7V12YMAF9J7N80V8JHZMZ","2258288","557818","0","1","2","0","0","0","2017-08-16 20:16:36"
"A331EA4IU21KXL","dez_1b_fix_v2","34","m","0.23","3ZSANO2JCF8YVC8FYULMWPJJO4KFSK","1258918","16767","0","1","3","1","0","0","2017-08-16 20:26:22"
"A1QG4WF9ZTZTK2","dez_1b_fix_v2","35","f","1.12","3RU7GD8VPOUAMPX9CXHR8JXNQA4PSU","1890547","409800","0","1","2","2","0","0","2017-08-16 20:54:58"
